{"cameraMode":{"drawMode":0,"name":"Shaded","section":"Shading Mode"},"sceneLighting":true,"audioPlay":false,"sceneViewState":{"m_AlwaysRefresh":false,"showFog":true,"showSkybox":true,"showFlares":true,"showImageEffects":true,"showParticleSystems":true,"showVisualEffectGraphs":true,"m_FxEnabled":true},"in2DMode":false,"pivot":{"x":6.618983268737793,"y":4.517257213592529,"z":6.189923286437988},"rotation":{"x":-0.039863672107458118,"y":-0.9601452946662903,"z":0.19594047963619233,"w":-0.19534003734588624},"size":0.9588469862937927,"orthographic":false}