{"cameraMode":{"drawMode":0,"name":"Shaded","section":"Shading Mode"},"sceneLighting":true,"audioPlay":false,"sceneViewState":{"m_AlwaysRefresh":false,"showFog":true,"showSkybox":true,"showFlares":true,"showImageEffects":true,"showParticleSystems":true,"showVisualEffectGraphs":true,"m_FxEnabled":true},"in2DMode":false,"pivot":{"x":7.330060005187988,"y":5.099714279174805,"z":6.01253604888916},"rotation":{"x":0.0565636120736599,"y":-0.11892149597406388,"z":0.006785887759178877,"w":0.9912684559822083},"size":0.41812026500701907,"orthographic":false}